CNID,Cn_No,from_location,To_Location,Booking_Date,Loading_Date,Unloading_Date,Truck_Freight,Advance_Amount,Balance_Amount,Innam,Extra_TF,total_fare,consignee_id,consigner_id,Vehicle_No_id
1,,1,2,12/9/2024,12/9/2024,12/12/2024,92060,82060,35000,15000,10000,117060,1,1,1
2,,1,2,12/9/2024,12/9/2024,12/12/2024,51230,71500,4730,15000,10000,76230,1,1,2
3,,1,2,12/11/2024,12/11/2024,12/14/2024,216450,78540,162910,15000,10000,241450,2,1,3
4,,1,2,12/11/2024,12/11/2024,12/14/2024,241640,175940,90700,15000,10000,266640,3,1,1
5,,1,2,12/11/2024,12/11/2024,12/14/2024,208860,0,233860,15000,10000,233860,4,1,4
6,,1,2,12/12/2024,12/12/2024,12/15/2024,215790,161510,79280,15000,10000,240790,1,1,5
7,,1,2,12/12/2024,12/12/2024,12/15/2024,229320,136320,118000,15000,10000,254320,3,1,6
8,,1,2,12/13/2024,12/13/2024,12/16/2024,256160,254370,26790,15000,10000,281160,5,1,7
9,,1,2,12/14/2024,12/14/2024,12/17/2024,224260,128260,121000,15000,10000,249260,1,1,8
10,,1,2,12/14/2024,12/14/2024,12/17/2024,113930,133320,5610,15000,10000,138930,6,1,9
11,,1,2,12/14/2024,12/14/2024,12/17/2024,249560,159820,114740,15000,10000,274560,3,1,10
12,,1,2,12/14/2024,12/14/2024,12/17/2024,236140,19140,242000,15000,10000,261140,4,1,11
13,,1,2,12/14/2024,12/14/2024,12/17/2024,98860,123860,0,15000,10000,123860,7,1,12
14,,1,2,12/15/2024,12/15/2024,12/18/2024,244720,0,269720,15000,10000,269720,3,1,13
15,,1,2,12/15/2024,12/15/2024,12/18/2024,222940,209100,38840,15000,10000,247940,8,1,14
16,,1,2,12/16/2024,12/16/2024,12/19/2024,241750,200750,66000,15000,10000,266750,9,1,15
17,,1,2,12/16/2024,12/16/2024,12/19/2024,235040,53680,206360,15000,10000,260040,1,1,16
18,,1,2,12/16/2024,12/16/2024,12/19/2024,219420,55880,188540,15000,10000,244420,1,1,17
19,,1,2,12/17/2024,12/17/2024,12/20/2024,215680,82940,157740,15000,10000,240680,10,1,18
20,,1,2,12/17/2024,12/17/2024,12/20/2024,243840,239580,29260,15000,10000,268840,11,1,19
21,,1,2,12/17/2024,12/17/2024,12/20/2024,98970,123970,0,15000,10000,123970,7,1,20
22,,1,2,12/18/2024,12/18/2024,12/21/2024,274420,71280,228140,15000,10000,299420,10,1,21
23,,1,2,12/18/2024,12/18/2024,12/21/2024,255940,58520,222420,15000,10000,280940,12,1,22
24,,1,2,12/18/2024,12/18/2024,12/21/2024,249230,175010,99220,15000,10000,274230,11,1,23
25,,1,2,12/18/2024,12/18/2024,12/21/2024,93360,79640,38720,15000,10000,118360,13,1,24
26,,1,2,12/18/2024,12/18/2024,12/21/2024,234820,0,259820,15000,10000,259820,3,1,25
27,,1,2,12/19/2024,12/19/2024,12/22/2024,232400,56320,201080,15000,10000,257400,10,1,2
28,,1,2,12/19/2024,12/19/2024,12/23/2024,221840,0,246840,15000,10000,246840,1,1,26
29,,1,2,12/20/2024,12/20/2024,12/23/2024,221180,128920,117260,15000,10000,246180,11,1,27
30,,1,2,12/20/2024,12/20/2024,12/23/2024,249340,38500,235840,15000,10000,274340,10,1,28
31,,1,2,12/20/2024,12/20/2024,12/23/2024,251980,68860,208120,15000,10000,276980,6,1,29
32,,1,2,12/21/2024,12/21/2024,12/24/2024,250000,33660,241340,15000,10000,275000,1,1,30
33,,1,2,12/21/2024,12/21/2024,12/24/2024,239110,56210,207900,15000,10000,264110,2,1,31
34,,1,2,12/21/2024,12/21/2024,12/24/2024,230200,55660,199540,15000,10000,255200,14,1,32
35,,1,2,12/21/2024,12/21/2024,12/24/2024,198960,47300,176660,15000,10000,223960,5,1,33
36,,1,2,12/21/2024,12/21/2024,12/24/2024,219530,92950,151580,15000,10000,244530,15,1,34
37,,1,2,12/21/2024,12/21/2024,12/24/2024,99630,99330,25300,15000,10000,124630,11,1,35
38,,1,2,12/23/2024,12/23/2024,12/26/2024,236800,39380,222420,15000,10000,261800,17,1,36
39,,1,2,12/23/2024,12/23/2024,12/26/2024,245160,98780,171380,15000,10000,270160,10,1,1
40,,1,2,12/23/2024,12/23/2024,12/26/2024,259570,96140,188430,15000,10000,284570,6,1,37
41,,1,2,12/23/2024,12/23/2024,12/26/2024,236580,29260,232320,15000,10000,261580,3,1,38
42,,1,2,12/24/2024,12/24/2024,12/27/2024,270790,234080,61710,15000,10000,295790,19,1,3
43,,1,2,12/24/2024,12/24/2024,12/27/2024,267600,36080,256520,15000,10000,292600,1,1,10
44,,1,2,12/24/2024,12/24/2024,12/27/2024,234600,89980,169620,15000,10000,259600,10,1,8
45,,1,2,12/24/2024,12/24/2024,12/27/2024,249340,84700,189640,15000,10000,274340,20,1,39
46,,1,2,12/25/2024,12/25/2024,12/28/2024,292130,278190,38940,15000,10000,317130,8,1,5
47,,1,2,12/25/2024,12/25/2024,12/28/2024,217660,0,242660,15000,10000,242660,15,1,40
48,,1,2,12/25/2024,12/25/2024,12/28/2024,233170,99770,158400,15000,10000,258170,21,1,41
49,,1,2,12/26/2024,12/26/2024,12/29/2024,249340,76340,198000,15000,10000,274340,10,1,42
50,,1,2,12/26/2024,12/26/2024,12/29/2024,261000,261470,24530,15000,10000,286000,7,1,30
51,,1,2,12/27/2024,12/27/2024,12/30/2024,269610,272390,22220,15000,10000,294610,22,1,43
52,,1,2,12/27/2024,12/27/2024,12/30/2024,240540,0,265540,15000,10000,265540,23,1,6
53,,1,2,12/27/2024,12/27/2024,12/30/2024,225580,73700,176880,15000,10000,250580,10,1,7
54,,1,2,12/27/2024,12/27/2024,12/30/2024,237900,71720,191180,15000,10000,262900,9,1,44
55,,1,2,12/27/2024,12/27/2024,12/30/2024,247580,0,272580,15000,10000,272580,3,1,45
56,,1,2,12/28/2024,12/28/2024,12/31/2024,218540,71940,171600,15000,10000,243540,14,1,16
57,,1,2,12/28/2024,12/28/2024,12/31/2024,251630,133290,143340,15000,10000,276630,10,1,46
58,,1,2,12/28/2024,12/28/2024,12/31/2024,229320,121440,132880,15000,10000,254320,24,1,47
59,,1,2,12/28/2024,12/28/2024,12/31/2024,253190,228250,49940,15000,10000,278190,25,1,11
60,,1,2,12/29/2024,12/29/2024,1/1/2025,245600,100100,170500,15000,10000,270600,15,1,13
61,,1,2,12/29/2024,12/29/2024,1/1/2025,253960,118800,160160,15000,10000,278960,24,1,15
62,,1,2,12/29/2024,12/29/2024,1/1/2025,216780,67100,174680,15000,10000,241780,10,1,48
63,,1,2,12/30/2024,12/30/2024,1/2/2025,232840,68640,189200,15000,10000,257840,5,1,49
64,,1,2,12/30/2024,12/30/2024,1/2/2025,238120,0,263120,15000,10000,263120,10,1,50
65,,1,2,12/30/2024,12/30/2024,1/2/2025,238340,0,263340,15000,10000,263340,26,1,51
66,,1,2,12/30/2024,12/30/2024,1/2/2025,295390,255710,64680,15000,10000,320390,27,1,23
67,,1,2,12/30/2024,12/30/2024,1/2/2025,233940,62480,196460,15000,10000,258940,26,1,52
68,,1,2,12/30/2024,12/30/2024,1/2/2025,227120,103180,148940,15000,10000,252120,9,1,53
69,,1,2,12/31/2024,12/31/2024,1/3/2025,226570,213290,38280,15000,10000,251570,28,1,54
70,,1,2,12/31/2024,12/31/2024,1/3/2025,222940,18040,229900,15000,10000,247940,15,1,55
71,,1,2,12/31/2024,12/31/2024,1/3/2025,96750,109870,11880,15000,10000,121750,29,1,56
72,,1,2,1/1/2025,1/1/2025,1/4/2025,256380,37840,243540,15000,10000,281380,30,1,57
73,,1,2,1/1/2025,1/1/2025,1/4/2025,255280,0,280280,15000,10000,280280,3,1,58
74,,1,2,1/1/2025,1/1/2025,1/4/2025,227120,137500,114620,15000,10000,252120,6,1,59
75,,1,2,1/1/2025,1/1/2025,1/4/2025,298730,262940,60790,15000,10000,323730,31,1,60
76,,1,2,1/1/2025,1/1/2025,1/4/2025,229980,92180,162800,15000,10000,254980,2,1,61
77,,1,2,1/2/2025,1/2/2025,1/5/2025,218650,235840,7810,15000,10000,243650,11,1,62
78,,1,2,1/2/2025,1/2/2025,1/5/2025,224920,38280,211640,15000,10000,249920,1,1,2
79,,1,2,1/2/2025,1/2/2025,1/5/2025,229100,36960,217140,15000,10000,254100,10,1,31
80,,1,2,1/2/2025,1/2/2025,1/5/2025,267960,205180,87780,15000,10000,292960,7,1,34
81,,1,2,1/3/2025,1/3/2025,1/6/2025,233610,148170,110440,15000,10000,258610,32,1,63
82,,1,2,1/3/2025,1/3/2025,1/6/2025,231960,0,256960,15000,10000,256960,33,1,64
83,,1,2,1/4/2025,1/4/2025,1/7/2025,300070,275460,49610,15000,10000,325070,7,1,36
84,,1,2,1/4/2025,1/4/2025,1/7/2025,237460,71940,190520,15000,10000,262460,6,1,28
85,,1,2,1/4/2025,1/4/2025,2/7/2025,234820,0,259820,15000,10000,259820,10,1,1
86,,1,2,1/4/2025,1/4/2025,2/7/2025,277940,196680,106260,15000,10000,302940,34,1,65
87,,1,2,1/5/2025,1/5/2025,1/8/2025,225140,32120,218020,15000,10000,250140,33,1,66
88,,1,2,1/5/2025,1/5/2025,1/8/2025,255720,141680,139040,15000,10000,280720,37,1,32
89,,1,2,1/5/2025,1/5/2025,1/8/2025,274640,278060,21580,15000,10000,299640,5,1,26
90,,1,2,1/5/2025,1/5/2025,1/8/2025,225140,44660,205480,15000,10000,250140,10,1,1
91,,1,2,1/6/2025,1/6/2025,1/9/2025,310720,310200,25520,15000,10000,335720,38,1,39
92,,1,2,1/6/2025,1/6/2025,1/9/2025,229980,0,254980,15000,10000,254980,37,1,67
93,,1,2,1/6/2025,1/6/2025,1/9/2025,237680,99660,163020,15000,10000,262680,9,1,68
94,,1,2,1/7/2025,1/7/2025,1/10/2025,211110,232150,3960,15000,10000,236110,39,1,69
95,,1,2,1/7/2025,1/7/2025,1/10/2025,262540,263060,24480,15000,10000,287540,40,1,70
96,,1,2,1/7/2025,1/7/2025,1/10/2025,226350,179190,72160,15000,10000,251350,11,1,71
97,,1,2,1/7/2025,1/7/2025,1/10/2025,239000,73700,190300,15000,10000,264000,10,1,72
98,,1,2,1/7/2025,1/7/2025,1/10/2025,234380,60280,199100,15000,10000,259380,31,1,77
99,,1,2,1/8/2025,1/8/2025,1/11/2025,278160,251900,51260,15000,10000,303160,41,1,74
100,,1,2,1/8/2025,1/8/2025,1/11/2025,107770,93060,39710,15000,10000,132770,22,1,75
101,,1,2,1/8/2025,1/8/2025,1/11/2025,250440,260700,14740,15000,10000,275440,24,1,10
102,,1,2,1/8/2025,1/8/2025,1/11/2025,249340,60720,213620,15000,10000,274340,42,1,76
103,,1,2,1/8/2025,1/8/2025,1/11/2025,284320,70180,239140,15000,10000,309320,10,1,77
104,,1,2,1/8/2025,1/8/2025,1/11/2025,236580,50820,210760,15000,10000,261580,36,1,41
105,,1,2,1/9/2025,1/9/2025,1/12/2025,244500,156640,112860,15000,10000,269500,6,1,7
106,,1,2,1/9/2025,1/9/2025,1/12/2025,225140,0,250140,15000,10000,250140,14,1,78
107,,1,2,1/9/2025,1/9/2025,1/12/2025,288060,34760,278300,15000,10000,313060,10,1,79
108,,1,2,1/9/2025,1/9/2025,1/12/2025,270900,240020,55880,15000,10000,295900,39,1,37
109,,1,2,1/10/2025,1/10/2025,1/13/2025,249670,240790,33880,15000,10000,274670,43,1,80
110,,1,2,1/10/2025,1/10/2025,1/13/2025,231520,9240,247280,15000,10000,256520,1,1,3
111,,1,2,1/10/2025,1/10/2025,1/13/2025,225360,132000,118360,15000,10000,250360,17,1,33
112,,1,2,1/10/2025,1/10/2025,1/13/2025,234380,0,259380,15000,10000,259380,10,1,81
113,,1,2,1/10/2025,1/10/2025,1/13/2025,218540,25740,217800,15000,10000,243540,10,1,38
114,,1,2,1/11/2025,1/11/2025,1/14/2025,223600,180400,68200,15000,10000,248600,36,1,82
115,,1,2,1/11/2025,1/11/2025,1/14/2025,248900,10560,263340,15000,10000,273900,14,1,5
116,,1,2,1/11/2025,1/11/2025,1/14/2025,258750,239530,44220,15000,10000,283750,34,1,11
117,,1,2,1/11/2025,1/11/2025,1/14/2025,207980,205260,27720,15000,10000,232980,7,1,83
118,,1,2,1/11/2025,1/11/2025,1/14/2025,226460,107360,144100,15000,10000,251460,1,1,29
119,,1,2,1/12/2025,1/12/2025,1/15/2025,199840,210650,14190,15000,10000,224840,43,1,62
120,,1,2,1/12/2025,1/12/2025,1/15/2025,254620,44660,234960,15000,10000,279620,45,1,84
121,,1,2,1/12/2025,1/12/2025,1/15/2025,255060,22880,257180,15000,10000,280060,4,1,85
122,,1,2,1/12/2025,1/12/2025,1/15/2025,254400,,279400,15000,10000,279400,30,1,6
123,,1,2,1/12/2025,1/12/2025,1/15/2025,229320,,254320,15000,10000,254320,38,1,16
124,,1,2,1/13/2025,1/13/2025,1/16/2025,239000,80300,183700,15000,10000,264000,37,1,86
125,,1,2,1/13/2025,1/13/2025,1/16/2025,224040,70840,178200,15000,10000,249040,10,1,87
126,,1,2,1/13/2025,1/13/2025,1/16/2025,227780,77660,175120,15000,10000,252780,14,1,15
127,,1,2,1/13/2025,1/13/2025,1/16/2025,264190,171050,118140,15000,10000,289190,7,1,43
128,,1,2,1/13/2025,1/13/2025,1/16/2025,248680,188540,85140,15000,10000,273680,46,1,23
129,,1,2,1/13/2025,1/13/2025,1/16/2025,239440,0,264440,15000,10000,264440,10,1,88
130,,1,2,1/13/2025,1/13/2025,1/16/2025,228660,0,253660,15000,10000,253660,15,1,46
131,,1,2,1/13/2025,1/13/2025,1/16/2025,223160,156860,91300,15000,10000,248160,16,1,31
132,,1,2,1/14/2025,1/14/2025,1/17/2025,243290,226050,42240,15000,10000,268290,5,1,89
133,,1,2,1/14/2025,1/14/2025,1/17/2025,231080,71500,184580,15000,10000,256080,30,1,50
134,,1,2,1/15/2025,1/15/2025,1/18/2025,231740,117040,139700,15000,10000,256740,36,1,51
135,,1,2,1/15/2025,1/15/2025,1/18/2025,257040,0,282040,15000,10000,282040,12,1,52
136,,1,2,1/15/2025,1/15/2025,1/18/2025,233280,13200,245080,15000,10000,258280,10,1,90
137,,1,2,1/15/2025,1/15/2025,1/18/2025,222940,104500,143440,15000,10000,247940,47,1,91
138,,1,2,1/15/2025,1/15/2025,1/18/2025,231300,45980,210320,15000,10000,256300,20,1,42
139,,1,2,1/15/2025,1/15/2025,1/18/2025,264410,269390,20020,15000,10000,289410,43,1,36
140,,1,2,1/15/2025,1/15/2025,1/18/2025,282680,244210,63470,15000,10000,307680,29,1,92
141,,1,2,1/16/2025,1/16/2025,1/19/2025,253080,0,278080,15000,10000,278080,10,1,93
142,,1,2,1/16/2025,1/16/2025,1/19/2025,286520,86680,224840,15000,10000,311520,12,1,57
143,,1,2,1/16/2025,1/16/2025,1/19/2025,213040,140140,97900,15000,10000,238040,20,1,47
144,,1,2,1/16/2025,1/16/2025,1/19/2025,241200,54340,211860,15000,10000,266200,5,1,59
145,,1,2,1/16/2025,1/16/2025,1/19/2025,230420,44880,210540,15000,10000,255420,6,1,2
146,,1,2,1/17/2025,1/17/2025,1/20/2025,255060,62260,217800,15000,10000,280060,12,1,28
147,,1,2,1/17/2025,1/17/2025,1/20/2025,238560,0,263560,15000,10000,263560,45,1,39
148,,1,2,1/17/2025,1/17/2025,1/20/2025,241860,109780,157080,15000,10000,266860,47,1,58
149,,1,2,1/17/2025,1/17/2025,1/20/2025,256710,264990,16720,15000,10000,281710,48,1,34
150,,1,2,1/17/2025,1/17/2025,1/20/2025,267470,223940,68530,15000,10000,292470,99,1,94
151,,1,2,1/17/2025,1/17/2025,1/20/2025,194890,184360,35530,15000,10000,219890,50,1,69
152,,1,2,1/17/2025,1/17/2025,1/20/2025,238780,172920,90860,15000,10000,263780,36,1,32
153,,1,2,1/18/2025,1/18/2025,1/21/2025,267050,44550,247500,15000,10000,292050,1,1,95
154,,1,2,1/18/2025,1/18/2025,1/21/2025,231960,64240,192720,15000,10000,256960,6,1,67
155,,1,2,1/18/2025,1/18/2025,1/21/2025,278270,303270,0,15000,10000,303270,7,1,96
156,,1,2,1/18/2025,1/18/2025,1/21/2025,249560,119020,155540,15000,10000,274560,20,1,71
157,,1,2,1/18/2025,1/18/2025,1/21/2025,235700,146520,114180,15000,10000,260700,15,1,1
158,,1,2,1/18/2025,1/18/2025,1/21/2025,222390,126170,121220,15000,10000,247390,32,1,97
159,,1,2,1/19/2025,1/19/2025,1/22/2025,248240,0,273240,15000,10000,273240,10,1,27
160,,1,2,1/19/2025,1/19/2025,1/22/2025,241420,63580,202840,15000,10000,266420,30,1,10
161,,1,2,1/19/2025,1/19/2025,1/22/2025,236580,261580,0,15000,10000,261580,1,1,7
162,,1,2,1/19/2025,1/19/2025,1/22/2025,237900,114620,148280,15000,10000,262900,36,1,41
163,,1,2,1/19/2025,1/19/2025,1/22/2025,268110,275510,17600,15000,10000,293110,7,1,98
164,,1,2,1/19/2025,1/19/2025,1/22/2025,222720,122100,125620,15000,10000,247720,38,1,74
165,,1,2,1/20/2025,1/20/2025,1/23/2025,226240,133540,117700,15000,10000,251240,51,1,13
166,,1,2,1/20/2025,1/20/2025,1/23/2025,242300,0,267300,15000,10000,267300,10,1,72
167,,1,2,1/20/2025,1/20/2025,1/23/2025,235480,119460,141020,15000,10000,260480,33,1,99
168,,1,2,1/20/2025,1/20/2025,1/23/2025,250440,89540,185900,15000,10000,275440,1,1,77
169,,1,2,1/20/2025,1/20/2025,1/23/2025,259680,73260,211420,15000,10000,284680,37,1,100
170,,1,2,1/20/2025,1/20/2025,1/23/2025,316170,295680,45490,15000,10000,341170,1,1,101
171,,1,2,1/20/2025,1/20/2025,1/23/2025,241310,238910,27400,15000,10000,266310,52,1,102
172,,1,2,1/21/2025,1/21/2025,1/24/2025,205780,35420,195360,15000,10000,230780,11,1,33
173,,1,2,1/21/2025,1/21/2025,1/24/2025,217220,63580,178640,15000,10000,242220,15,1,103
174,,1,2,1/21/2025,1/21/2025,1/24/2025,250000,170720,104280,15000,10000,275000,32,1,104
175,,1,2,1/21/2025,1/21/2025,1/24/2025,205010,182710,47300,15000,10000,230010,47,1,83
176,,1,2,1/22/2025,1/22/2025,1/25/2025,226460,61820,189640,15000,10000,251460,25,1,38
177,,1,2,1/22/2025,1/22/2025,1/25/2025,272220,128700,168520,15000,10000,297220,1,1,70
178,,1,2,1/22/2025,1/22/2025,1/25/2025,253300,47960,230340,15000,10000,278300,9,1,45
179,,1,2,1/22/2025,1/22/2025,1/25/2025,214140,239140,0,15000,10000,239140,37,1,105
180,,1,2,1/22/2025,1/22/2025,1/25/2025,220850,43120,202730,15000,10000,245850,36,1,3
181,,1,2,1/22/2025,1/22/2025,1/25/2025,258250,254870,28380,15000,10000,283250,33,1,37
182,,1,2,1/23/2025,1/23/2025,1/26/2025,234600,0,259600,15000,10000,259600,53,1,11
183,,1,2,1/23/2025,1/23/2025,1/26/2025,92590,111540,6050,15000,10000,117590,30,1,106
184,,1,2,1/24/2025,1/24/2025,1/27/2025,249340,36300,238040,15000,10000,274340,27,1,107
185,,1,2,1/24/2025,1/24/2025,1/27/2025,248460,69520,203940,15000,10000,273460,26,1,76
186,,1,2,1/24/2025,1/24/2025,1/27/2025,219200,83600,160600,15000,10000,244200,12,1,108
187,,1,2,1/24/2025,1/24/2025,1/27/2025,269800,0,294800,15000,10000,294800,6,1,109
188,,1,2,1/24/2025,1/24/2025,1/27/2025,293670,268520,50150,15000,10000,318670,10,1,110
189,,1,2,1/25/2025,1/25/2025,1/28/2025,288500,238040,75460,15000,10000,313500,7,1,111
190,,1,2,1/25/2025,1/25/2025,1/28/2025,107330,109560,22770,15000,10000,132330,11,1,112
191,,1,2,1/25/2025,1/25/2025,1/28/2025,232400,40480,216920,15000,10000,257400,40,1,113
192,,1,2,1/25/2025,1/25/2025,1/28/2025,254400,60940,218460,15000,10000,279400,54,1,84
193,,1,2,1/25/2025,1/25/2025,1/28/2025,246700,208340,63360,15000,10000,271700,10,1,6
194,,1,2,1/26/2025,1/26/2025,1/29/2025,223380,214720,33660,15000,10000,248380,24,1,114
195,,1,2,1/26/2025,1/26/2025,1/29/2025,299240,248890,75350,15000,10000,324240,25,1,115
196,,1,2,1/26/2025,1/26/2025,1/29/2025,224040,69740,179300,15000,10000,249040,5,1,81
197,,1,2,1/26/2025,1/26/2025,1/29/2025,238340,35200,228140,15000,10000,263340,37,1,61
198,,1,2,1/26/2025,1/26/2025,1/29/2025,271120,296120,0,15000,10000,296120,17,1,116
199,,1,2,1/26/2025,1/26/2025,1/29/2025,244940,269940,0,15000,10000,269940,12,1,31
200,,1,2,1/27/2025,1/27/2025,1/30/2025,214140,239140,0,15000,10000,239140,12,1,78
201,,1,2,1/27/2025,1/27/2025,1/30/2025,256600,281600,0,15000,10000,281600,55,1,80
202,,1,2,1/27/2025,1/27/2025,1/30/2025,212380,237380,0,15000,10000,237380,56,1,62
203,,1,2,1/27/2025,1/27/2025,1/30/2025,253300,278300,0,15000,10000,278300,57,1,117
204,,1,2,1/27/2025,1/27/2025,1/30/2025,225800,250800,0,15000,10000,250800,10,1,87
205,,1,2,1/28/2025,1/28/2025,1/31/2025,257590,282590,0,15000,10000,282590,54,1,30
206,,1,2,1/28/2025,1/28/2025,1/31/2025,276220,301220,0,15000,10000,301220,7,1,26
207,,1,2,1/28/2025,1/28/2025,1/31/2025,241420,266420,0,15000,10000,266420,58,1,29
208,,1,2,1/29/2025,1/29/2025,2/1/2025,230860,255860,0,15000,10000,255860,30,1,118
209,,1,2,1/29/2025,1/29/2025,2/1/2025,260780,285780,0,15000,10000,285780,37,1,119
210,,1,2,1/29/2025,1/29/2025,2/1/2025,254400,279400,0,15000,10000,279400,10,1,15
211,,1,2,1/29/2025,1/29/2025,2/1/2025,224260,249260,0,15000,10000,249260,9,1,120
212,,1,2,1/29/2025,1/29/2025,2/1/2025,242520,267520,0,15000,10000,267520,15,1,2
213,,1,2,1/29/2025,1/29/2025,2/1/2025,236360,261360,0,15000,10000,261360,30,1,121
214,,1,2,1/30/2025,1/30/2025,2/2/2025,263860,288860,0,15000,10000,288860,12,1,122
215,,1,2,1/30/2025,1/30/2025,2/2/2025,266720,291720,0,15000,10000,291720,36,1,123
216,,1,2,1/30/2025,1/30/2025,2/2/2025,236800,261800,0,15000,10000,261800,30,1,86
217,,1,2,1/30/2025,1/30/2025,2/2/2025,220740,245740,0,15000,10000,245740,59,1,124
218,,1,2,1/30/2025,1/30/2025,2/2/2025,247800,272800,0,15000,10000,272800,15,1,85
219,,1,2,1/30/2025,1/30/2025,2/2/2025,218980,243980,0,15000,10000,243980,14,1,22
220,,1,2,1/30/2025,1/30/2025,2/2/2025,253410,278410,0,15000,10000,278410,60,1,23
221,,1,2,1/31/2025,1/31/2025,2/3/2025,215460,240460,0,15000,10000,240460,39,1,51
222,,1,2,1/31/2025,1/31/2025,2/3/2025,513560,0,538560,15000,10000,538560,9,1,125
223,,1,2,1/31/2025,1/31/2025,2/3/2025,231520,256520,0,15000,10000,256520,36,1,126
224,,1,2,1/31/2025,1/31/2025,2/3/2025,240100,265100,0,15000,10000,265100,10,1,16
225,,1,2,1/31/2025,1/31/2025,2/3/2025,252640,37400,240240,15000,10000,277640,29,1,36
226,,1,2,1/31/2025,1/31/2025,2/3/2025,225580,0,250580,15000,10000,250580,12,1,90
227,,1,2,1/31/2025,1/31/2025,2/3/2025,246150,271150,0,15000,10000,271150,49,1,46
228,,1,2,1/31/2025,1/31/2025,2/3/2025,217550,242550,0,15000,10000,242550,37,1,91
229,,1,2,1/31/2025,1/31/2025,2/3/2025,263310,288310,0,15000,10000,288310,37,1,34
230,,1,2,2/1/2025,2/1/2025,2/4/2025,246480,271480,0,15000,10000,271480,6,1,63
231,,1,2,2/1/2025,2/1/2025,2/4/2025,264410,216810,72600,15000,10000,289410,59,1,42
232,,1,2,2/2/2025,2/2/2025,2/5/2025,288060,230890,82170,15000,10000,313060,7,1,50
233,,1,2,2/2/2025,2/2/2025,2/5/2025,244830,204050,65780,15000,10000,269830,27,1,88
234,,1,2,2/3/2025,2/3/2025,2/6/2025,239660,178970,85690,15000,10000,264660,51,1,127
235,,1,2,2/3/2025,2/3/2025,2/6/2025,259460,238480,45980,15000,10000,284460,42,1,64
236,,1,2,2/3/2025,2/3/2025,2/6/2025,238340,176880,86460,15000,10000,263340,6,1,59
237,,1,2,2/3/2025,2/3/2025,2/6/2025,233940,80520,178420,15000,10000,258940,16,1,47
238,,1,2,2/4/2025,2/4/2025,2/7/2025,258470,261910,21560,15000,10000,283470,5,1,98
239,,1,2,2/5/2025,2/5/2025,2/8/2025,237020,23760,238260,15000,10000,262020,29,1,7
240,,1,2,2/5/2025,2/5/2025,2/8/2025,239000,0,264000,15000,10000,264000,17,1,128
241,,1,2,2/5/2025,2/5/2025,2/8/2025,212160,208230,28930,15000,10000,237160,7,1,102
242,,1,2,2/5/2025,2/5/2025,2/8/2025,210180,194920,40260,15000,10000,235180,26,1,129
243,,1,2,2/5/2025,2/5/2025,2/8/2025,248020,68860,204160,15000,10000,273020,12,1,95
244,,1,2,2/5/2025,2/5/2025,2/8/2025,253300,0,278300,15000,10000,278300,1,1,37
245,,1,2,2/5/2025,2/5/2025,2/8/2025,227560,162360,90200,15000,10000,252560,17,1,74
246,,1,2,2/5/2025,2/5/2025,2/8/2025,247140,9900,262240,15000,10000,272140,10,1,41
247,,1,2,2/6/2025,2/6/2025,2/9/2025,270240,0,295240,15000,10000,295240,29,1,115
248,,1,2,2/6/2025,2/6/2025,2/9/2025,233720,0,258720,15000,10000,258720,60,1,130
249,,1,2,2/6/2025,2/6/2025,2/9/2025,223820,164120,84700,15000,10000,248820,61,1,13
250,,1,2,2/7/2025,2/7/2025,2/10/2025,254290,248930,30360,15000,10000,279290,48,1,82
251,,1,2,2/7/2025,2/7/2025,2/10/2025,239220,0,264220,15000,10000,264220,15,1,131
252,,1,2,2/7/2025,2/7/2025,2/10/2025,237020,167420,94600,15000,10000,262020,6,1,77
253,,1,2,2/7/2025,2/7/2025,2/10/2025,240980,55440,210540,15000,10000,265980,12,1,77
254,,1,2,2/7/2025,2/7/2025,2/10/2025,266720,0,291720,15000,10000,291720,10,1,45
255,,1,2,2/7/2025,2/7/2025,2/10/2025,215900,212630,28270,15000,10000,240900,51,1,61
256,,1,2,2/8/2025,2/8/2025,2/11/2025,228220,89100,164120,15000,10000,253220,61,1,19
257,,1,2,2/8/2025,2/8/2025,2/11/2025,233500,66880,191620,15000,10000,258500,36,1,113
258,,1,2,2/8/2025,2/8/2025,2/11/2025,232620,0,257620,15000,10000,257620,15,1,31
259,,1,2,2/8/2025,2/8/2025,2/11/2025,259930,238510,46420,15000,10000,284930,6,1,26
260,,1,2,2/8/2025,2/8/2025,2/11/2025,232070,221760,35310,15000,10000,257070,62,1,132
261,,1,2,2/8/2025,2/8/2025,2/11/2025,244940,0,269940,15000,10000,269940,14,1,38
262,,1,2,2/9/2025,2/9/2025,2/12/2025,243180,0,268180,15000,10000,268180,29,1,3
263,,1,2,2/9/2025,2/9/2025,2/12/2025,268370,73150,220220,15000,10000,293370,10,1,29
264,,1,2,2/9/2025,2/9/2025,2/12/2025,225580,131120,119460,15000,10000,250580,15,1,33
265,,1,2,2/9/2025,2/9/2025,2/12/2025,257920,26840,256080,15000,10000,282920,5,1,133
266,,1,2,2/9/2025,2/9/2025,2/12/2025,238010,118250,144760,15000,10000,263010,12,1,2
267,,1,2,2/9/2025,2/9/2025,2/12/2025,295320,256190,64130,15000,10000,320320,36,1,123
268,,1,2,2/9/2025,2/9/2025,2/12/2025,219640,0,244640,15000,10000,244640,47,1,87
269,,1,2,2/10/2025,2/10/2025,2/13/2025,263860,168960,119900,15000,10000,288860,25,1,52
270,,1,2,2/10/2025,2/10/2025,2/13/2025,231080,94160,161920,15000,10000,256080,23,1,6
271,,1,2,2/10/2025,2/10/2025,2/13/2025,243180,0,268180,15000,10000,268180,12,1,117
272,,1,2,2/10/2025,2/10/2025,2/13/2025,214140,0,239140,15000,10000,239140,10,1,120
273,,1,2,2/10/2025,2/10/2025,2/13/2025,244280,40590,228690,15000,10000,269280,14,1,86
274,,1,2,2/10/2025,2/10/2025,2/13/2025,306430,287540,43890,15000,10000,331430,29,1,42
275,,1,2,2/10/2025,2/10/2025,2/13/2025,240320,44110,221210,15000,10000,265320,63,1,125
276,,1,2,2/10/2025,2/10/2025,2/13/2025,224920,12980,236940,15000,10000,249920,25,1,16
277,,1,2,2/10/2025,2/10/2025,2/13/2025,230420,0,255420,15000,10000,255420,10,1,118
278,,1,2,2/10/2025,2/10/2025,2/13/2025,221180,169620,76560,15000,10000,246180,15,1,121
279,,1,2,2/10/2025,2/10/2025,2/13/2025,227120,184800,67320,15000,10000,252120,5,1,109
280,,1,2,2/11/2025,2/11/2025,2/14/2025,228220,192720,60500,15000,10000,253220,35,1,114
281,,1,2,2/12/2025,2/12/2025,2/15/2025,237240,222530,39710,15000,10000,262240,51,1,30
282,,1,2,2/12/2025,2/12/2025,2/15/2025,233940,0,258940,15000,10000,258940,56,1,91
283,,1,2,2/12/2025,2/12/2025,2/15/2025,258800,248490,35310,15000,10000,283800,29,1,46
284,,1,2,2/12/2025,2/12/2025,2/15/2025,265840,212190,78650,15000,10000,290840,28,1,51
285,,1,2,2/13/2025,2/13/2025,2/16/2025,219640,32780,211860,15000,10000,244640,39,1,90
286,,1,2,2/13/2025,2/13/2025,2/16/2025,255720,0,280720,15000,10000,280720,17,1,88
287,,1,2,2/13/2025,2/13/2025,2/16/2025,237680,0,262680,15000,10000,262680,14,1,85
288,,1,2,2/13/2025,2/13/2025,2/16/2025,252200,277200,0,15000,10000,277200,12,1,23
289,,1,2,2/13/2025,2/13/2025,2/16/2025,257040,0,282040,15000,10000,282040,6,1,119
290,,1,2,2/13/2025,2/13/2025,2/16/2025,222060,44880,202180,15000,10000,247060,29,1,55
291,,1,2,2/13/2025,2/13/2025,2/16/2025,245380,222860,47520,15000,10000,270380,36,1,15
292,,1,2,2/14/2025,2/14/2025,2/17/2025,229320,0,254320,15000,10000,254320,53,1,79
293,,1,2,2/14/2025,2/14/2025,2/17/2025,221180,0,246180,15000,10000,246180,25,1,64
294,,1,2,2/14/2025,2/14/2025,2/17/2025,232620,214720,42900,15000,10000,257620,29,1,134
295,,1,2,2/14/2025,2/14/2025,2/17/2025,241860,0,266860,15000,10000,266860,6,1,135
296,,1,2,2/14/2025,2/14/2025,2/17/2025,239330,247390,16940,15000,10000,264330,15,1,136
297,,1,2,2/14/2025,2/14/2025,2/17/2025,234490,206470,53020,15000,10000,259490,5,1,137
298,,1,2,2/14/2025,2/14/2025,2/17/2025,261880,33220,253660,15000,10000,286880,55,1,27
299,,1,2,2/14/2025,2/14/2025,2/17/2025,226020,143000,108020,15000,10000,251020,1,1,50
300,,1,2,2/14/2025,2/14/2025,2/17/2025,237900,0,262900,15000,10000,262900,23,1,67
301,,1,2,2/14/2025,2/14/2025,2/17/2025,216560,116820,124740,15000,10000,241560,37,1,98
302,,1,2,2/14/2025,2/14/2025,2/17/2025,273980,281270,17710,15000,10000,298980,61,1,65
303,,1,2,2/15/2025,2/15/2025,2/18/2025,249230,220660,53570,15000,10000,274230,11,1,138
304,,1,2,2/15/2025,2/15/2025,2/18/2025,247360,66880,205480,15000,10000,272360,39,1,39
305,,1,2,2/15/2025,2/15/2025,2/18/2025,234820,50380,209440,15000,10000,259820,15,1,139
306,,1,2,2/15/2025,2/15/2025,2/18/2025,237680,77440,185240,15000,10000,262680,64,1,36
307,,1,2,2/15/2025,2/15/2025,2/18/2025,247250,244420,27830,15000,10000,272250,12,1,140
308,,1,2,2/15/2025,2/15/2025,2/18/2025,214800,191180,48620,15000,10000,239800,28,1,129
309,,1,2,2/15/2025,2/15/2025,2/18/2025,229540,171600,82940,15000,10000,254540,51,1,141
310,,1,2,2/16/2025,2/16/2025,2/19/2025,270790,45980,249810,15000,10000,295790,35,1,11
311,,1,2,2/16/2025,2/16/2025,2/19/2025,273980,235070,63910,15000,10000,298980,30,1,126
312,,1,2,2/16/2025,2/16/2025,2/19/2025,242080,0,267080,15000,10000,267080,24,1,142
313,,1,2,2/16/2025,2/16/2025,2/19/2025,239660,127820,136840,15000,10000,264660,29,1,99
314,,1,2,2/16/2025,2/16/2025,2/19/2025,264080,16060,273020,15000,10000,289080,61,1,143
315,,1,2,2/16/2025,2/16/2025,2/19/2025,246700,58300,213400,15000,10000,271700,12,1,44
316,,1,2,2/17/2025,2/17/2025,2/20/2025,233280,0,258280,15000,10000,258280,53,1,76
317,,1,2,2/17/2025,2/17/2025,2/20/2025,225140,181500,68640,15000,10000,250140,36,1,144
318,,1,2,2/17/2025,2/17/2025,2/20/2025,221620,180400,66220,15000,10000,246620,53,1,95
319,,1,2,2/17/2025,2/17/2025,2/20/2025,240100,33000,232100,15000,10000,265100,35,1,115
320,,1,2,2/17/2025,2/17/2025,2/20/2025,242300,0,267300,15000,10000,267300,10,1,7
321,,1,2,2/17/2025,2/17/2025,2/20/2025,251650,243650,33000,15000,10000,276650,25,1,31
322,,1,2,2/17/2025,2/17/2025,2/20/2025,255060,249150,30910,15000,10000,280060,27,1,40
323,,1,2,2/17/2025,2/17/2025,2/20/2025,235480,116160,144320,15000,10000,260480,26,1,57
324,,1,2,2/18/2025,2/18/2025,2/21/2025,264740,247940,41800,15000,10000,289740,61,1,32
325,,1,2,2/18/2025,2/18/2025,2/21/2025,288500,263890,49610,15000,10000,313500,12,1,37
326,,1,2,2/18/2025,2/18/2025,2/21/2025,235480,121440,139040,15000,10000,260480,17,1,38
327,,1,2,2/18/2025,2/18/2025,2/21/2025,273100,71720,226380,15000,10000,298100,12,1,61
328,,1,2,2/19/2025,2/19/2025,2/22/2025,256820,149160,132660,15000,10000,281820,15,1,128
329,,1,2,2/19/2025,2/19/2025,2/22/2025,249340,0,274340,15000,10000,274340,61,1,101
330,,1,2,2/19/2025,2/19/2025,2/22/2025,231740,11440,245300,15000,10000,256740,25,1,84
331,,1,2,2/19/2025,2/19/2025,2/22/2025,237020,56100,205920,15000,10000,262020,29,1,145
332,,1,2,2/19/2025,2/19/2025,2/22/2025,206220,197010,34210,15000,10000,231220,10,1,26
333,,1,2,2/19/2025,2/19/2025,2/22/2025,263860,217910,70950,15000,10000,288860,11,1,123
334,,1,2,2/19/2025,2/19/2025,2/22/2025,272880,56100,241780,15000,10000,297880,7,1,43
335,,1,2,2/19/2025,2/19/2025,2/22/2025,232840,58520,199320,15000,10000,257840,15,1,1
336,,1,2,2/19/2025,2/19/2025,2/22/2025,232180,181720,75460,15000,10000,257180,36,1,108
337,,1,2,2/20/2025,2/20/2025,2/23/2025,235040,0,260040,15000,10000,260040,23,1,132
338,,1,2,2/20/2025,2/20/2025,2/23/2025,264960,103840,186120,15000,10000,289960,29,1,22
339,,1,2,2/20/2025,2/20/2025,2/23/2025,249450,238150,36300,15000,10000,274450,12,1,102
340,,1,2,2/21/2025,2/21/2025,2/24/2025,232180,41360,215820,15000,10000,257180,11,1,131
341,,1,2,2/21/2025,2/21/2025,2/24/2025,248240,57200,216040,15000,10000,273240,10,1,59
342,,1,2,2/21/2025,2/21/2025,2/24/2025,241420,231440,34980,15000,10000,266420,53,1,146
343,,1,2,2/21/2025,2/21/2025,2/24/2025,218320,0,243320,15000,10000,243320,61,1,103
344,,1,2,2/21/2025,2/21/2025,2/24/2025,225360,0,250360,15000,10000,250360,29,1,3
345,,1,2,2/21/2025,2/21/2025,2/24/2025,244940,52360,217580,15000,10000,269940,15,1,74
346,,1,2,2/21/2025,2/21/2025,2/24/2025,252970,250250,27720,15000,10000,277970,17,1,13
347,,1,2,2/21/2025,2/21/2025,2/24/2025,225580,149600,100980,15000,10000,250580,6,1,77
348,,1,2,2/22/2025,2/22/2025,2/25/2025,123280,0,148280,15000,10000,148280,25,1,86
349,,1,2,2/22/2025,2/22/2025,2/25/2025,217660,122760,119900,15000,10000,242660,29,1,147
350,,1,2,2/22/2025,2/22/2025,2/25/2025,294220,247830,71390,15000,10000,319220,5,1,148
351,,1,2,2/23/2025,2/23/2025,2/26/2025,229320,51480,202840,15000,10000,254320,55,1,2
352,,1,2,2/23/2025,2/23/2025,2/26/2025,259680,75460,209220,15000,10000,284680,10,1,63
353,,1,2,2/23/2025,2/23/2025,2/26/2025,234820,144320,115500,15000,10000,259820,36,1,52
354,,1,2,2/23/2025,2/23/2025,2/26/2025,220300,39600,205700,15000,10000,245300,53,1,149
355,,1,2,2/23/2025,2/23/2025,2/26/2025,230970,122650,133320,15000,10000,255970,15,1,82
356,,1,2,2/24/2025,2/24/2025,2/27/2025,223710,136950,111760,15000,10000,248710,29,1,42
357,,1,2,2/24/2025,2/24/2025,2/27/2025,250220,22220,253000,15000,10000,275220,1,1,150
358,,1,2,2/24/2025,2/24/2025,2/27/2025,264300,73480,215820,15000,10000,289300,15,1,151
359,,1,2,2/24/2025,2/24/2025,2/27/2025,262980,248160,39820,15000,10000,287980,29,1,46
360,,1,2,2/24/2025,2/24/2025,2/27/2025,233280,43120,215160,15000,10000,258280,26,1,47
361,,1,2,2/24/2025,2/24/2025,2/27/2025,237240,71940,190300,15000,10000,262240,15,1,16
362,,1,2,2/24/2025,2/24/2025,2/27/2025,263970,258940,30030,15000,10000,288970,10,1,71
363,,1,2,2/25/2025,2/25/2025,2/28/2025,249450,236830,37620,15000,10000,274450,65,1,79
364,,1,2,2/26/2025,2/26/2025,3/1/2025,247140,0,272140,15000,10000,272140,51,1,6
365,,1,2,2/26/2025,2/26/2025,3/1/2025,262100,165440,121660,15000,10000,287100,10,1,118
366,,1,2,2/26/2025,2/26/2025,3/1/2025,268920,0,293920,15000,10000,293920,35,1,152
367,,1,2,2/26/2025,2/26/2025,3/1/2025,247140,26070,246070,15000,10000,272140,29,1,153
368,,1,2,2/26/2025,2/26/2025,3/1/2025,279480,236280,68200,15000,10000,304480,14,1,154
369,,1,2,2/26/2025,2/26/2025,3/1/2025,261550,255960,30590,15000,10000,286550,7,1,126
370,,1,2,2/26/2025,2/26/2025,3/1/2025,224040,185020,64020,15000,10000,249040,26,1,77
371,,1,2,2/27/2025,2/27/2025,2/2/2025,228770,167530,86240,15000,10000,253770,53,1,98
372,,1,2,2/27/2025,2/27/2025,3/2/2025,233280,111320,146960,15000,10000,258280,39,1,51
373,,1,2,2/27/2025,2/27/2025,3/2/2025,235480,22440,238040,15000,10000,260480,29,1,113
374,,1,2,2/27/2025,2/27/2025,3/2/2025,238120,19360,243760,15000,10000,263120,10,1,88
375,,1,2,2/28/2025,2/28/2025,2/3/2025,242300,35640,231660,15000,10000,267300,15,1,133
376,,1,2,2/28/2025,2/28/2025,2/3/2025,260560,45540,240020,15000,10000,285560,36,1,125
377,,1,2,2/28/2025,2/28/2025,2/3/2025,248020,59400,213620,15000,10000,273020,10,1,41
378,,1,2,2/28/2025,2/28/2025,3/3/2025,211280,223410,12870,15000,10000,236280,29,1,36
379,,1,2,2/28/2025,2/28/2025,3/3/2025,221400,177870,68530,15000,10000,246400,47,1,7
380,,1,2,2/28/2025,2/28/2025,3/3/2025,239990,60280,204710,15000,10000,264990,11,1,91
381,,1,2,2/28/2025,2/28/2025,3/3/2025,234160,139700,119460,15000,10000,259160,55,1,119
382,,1,2,3/1/2025,3/1/2025,3/4/2025,230420,16500,238920,15000,10000,255420,9,1,90
383,,1,2,3/1/2025,3/1/2025,3/4/2025,232840,132880,124960,15000,10000,257840,10,1,29
384,,1,2,3/1/2025,3/1/2025,3/4/2025,221620,54560,192060,15000,10000,246620,23,1,33
385,,1,2,3/1/2025,3/1/2025,3/4/2025,244060,51590,217470,15000,10000,269060,15,1,27
386,,1,2,3/1/2025,3/1/2025,3/4/2025,233940,97900,161040,15000,10000,258940,29,1,121
387,,1,2,3/1/2025,3/1/2025,3/4/2025,265840,242770,48070,15000,10000,290840,2,1,50
388,,1,2,3/1/2025,3/1/2025,3/4/2025,247910,259930,12980,15000,10000,272910,5,1,64
389,,1,2,3/2/2025,3/2/2025,2/5/2025,217880,185900,56980,15000,10000,242880,62,1,155
390,,1,2,3/2/2025,3/2/2025,2/5/2025,226460,21340,230120,15000,10000,251460,5,1,15
391,,1,2,3/2/2025,3/2/2025,2/5/2025,265950,82830,208120,15000,10000,290950,36,1,156
392,,1,2,3/2/2025,3/2/2025,2/5/2025,244060,108020,161040,15000,10000,269060,10,1,95
393,,1,2,3/2/2025,3/2/2025,3/5/2025,237240,68640,193600,15000,10000,262240,60,1,142
394,,1,2,3/2/2025,3/2/2025,3/5/2025,271670,273240,23430,15000,10000,296670,29,1,26
395,,1,2,3/2/2025,3/2/2025,3/5/2025,287730,232760,79970,15000,10000,312730,7,1,32
396,,1,2,3/3/2025,3/3/2025,3/6/2025,287400,258060,54340,15000,10000,312400,17,1,123
397,,1,2,3/3/2025,3/3/2025,3/6/2025,232400,21780,235620,15000,10000,257400,47,1,23
398,,1,2,3/3/2025,3/3/2025,3/6/2025,236360,176880,84480,15000,10000,261360,10,1,57
399,,1,2,3/3/2025,3/3/2025,3/6/2025,232620,112640,144980,15000,10000,257620,23,1,103
400,,1,2,3/3/2025,3/3/2025,3/6/2025,243620,25960,242660,15000,10000,268620,15,1,81
401,,1,2,3/3/2025,3/3/2025,3/6/2025,193570,172150,46420,15000,10000,218570,55,1,38
402,,1,2,3/3/2025,3/3/2025,3/6/2025,232180,39600,217580,15000,10000,257180,36,1,1
403,,1,2,3/3/2025,3/3/2025,3/6/2025,233280,23540,234740,15000,10000,258280,10,1,147
404,,1,2,3/3/2025,3/3/2025,3/6/2025,235040,158400,101640,15000,10000,260040,35,1,136
405,,1,2,3/4/2025,3/4/2025,3/7/2025,212160,199980,37180,15000,10000,237160,5,1,157
406,,1,2,3/4/2025,3/4/2025,3/7/2025,265070,230670,59400,15000,10000,290070,51,1,37
407,,1,2,3/5/2025,3/5/2025,3/8/2025,211280,137720,98560,15000,10000,236280,61,1,149
408,,1,2,3/5/2025,3/5/2025,3/8/2025,239990,179300,85690,15000,10000,264990,24,1,76
409,,1,2,3/5/2025,3/5/2025,3/8/2025,258140,191620,91520,15000,10000,283140,28,1,63
410,,1,2,3/5/2025,3/5/2025,3/8/2025,247580,48840,223740,15000,10000,272580,10,1,145
411,,1,2,3/5/2025,3/5/2025,3/8/2025,227340,134420,117920,15000,10000,252340,23,1,22
412,,1,2,3/5/2025,3/5/2025,3/8/2025,274640,76340,223300,15000,10000,299640,15,1,10
413,,1,2,3/5/2025,3/5/2025,3/8/2025,243840,84590,184250,15000,10000,268840,31,1,3
414,,1,2,3/7/2025,3/7/2025,3/10/2025,242850,245300,22550,15000,10000,267850,47,1,46
415,,1,2,3/7/2025,3/7/2025,3/10/2025,241420,228800,37620,15000,10000,266420,51,1,60
416,,1,2,3/7/2025,3/7/2025,3/10/2025,266060,51480,239580,15000,10000,291060,10,1,79
417,,1,2,3/7/2025,3/7/2025,3/10/2025,247360,81840,190520,15000,10000,272360,36,1,131
418,,1,2,3/7/2025,3/7/2025,3/10/2025,197090,31020,191070,15000,10000,222090,33,1,71
419,,1,2,3/8/2025,3/8/2025,3/11/2025,225800,71280,179520,15000,10000,250800,29,1,174
420,,1,2,3/8/2025,3/8/2025,3/11/2025,224920,110440,139480,15000,10000,249920,10,1,86
421,,1,2,3/8/2025,3/8/2025,3/11/2025,268590,248820,44770,15000,10000,293590,55,1,128
422,,1,2,3/8/2025,3/8/2025,3/11/2025,198740,0,223740,15000,10000,223740,2,1,7
423,,1,2,3/8/2025,3/8/2025,3/11/2025,209410,68860,165550,15000,10000,234410,15,1,42
424,,1,2,3/9/2025,3/9/2025,3/12/2025,237680,80740,181940,15000,10000,262680,10,1,47
425,,1,2,3/9/2025,3/9/2025,3/12/2025,257260,62480,219780,15000,10000,282260,29,1,77
426,,1,2,3/9/2025,3/9/2025,3/12/2025,282560,235070,72490,15000,10000,307560,47,1,134
427,,1,2,3/9/2025,3/9/2025,3/12/2025,302470,237050,90420,15000,10000,327470,17,1,52
428,,1,2,3/9/2025,3/9/2025,3/12/2025,258360,47300,236060,15000,10000,283360,15,1,43
429,,1,2,3/10/2025,3/10/2025,3/13/2025,237900,148720,114180,15000,10000,262900,23,1,118
430,,1,2,3/10/2025,3/10/2025,3/13/2025,246480,123420,148060,15000,10000,271480,29,1,151
431,,1,2,3/10/2025,3/10/2025,3/13/2025,214030,29810,209220,15000,10000,239030,10,1,74
432,,1,2,3/10/2025,3/10/2025,3/13/2025,233280,103400,154880,15000,10000,258280,36,1,98
433,,1,2,3/10/2025,3/10/2025,3/13/2025,173000,0,198000,15000,10000,198000,15,1,36
434,,1,2,3/12/2025,3/12/2025,3/15/2025,253960,69080,209880,15000,10000,278960,10,1,133
435,,1,2,3/12/2025,3/12/2025,3/15/2025,236800,72380,189420,15000,10000,261800,2,1,55
436,,1,2,3/12/2025,3/12/2025,3/15/2025,101060,31570,94490,15000,10000,126060,11,1,159
437,,1,2,3/12/2025,3/12/2025,3/15/2025,227230,123750,128480,15000,10000,252230,11,1,51
438,,1,2,3/12/2025,3/12/2025,3/15/2025,236470,237490,23980,15000,10000,261470,39,1,5
439,,1,2,3/12/2025,3/12/2025,3/15/2025,233830,202620,56210,15000,10000,258830,51,1,119
440,,1,2,3/12/2025,3/12/2025,3/15/2025,220630,245630,0,15000,10000,245630,24,1,90
441,,1,2,3/13/2025,3/13/2025,3/16/2025,247140,90860,181280,15000,10000,272140,53,1,41
442,,1,2,3/13/2025,3/13/2025,3/16/2025,244500,11000,258500,15000,10000,269500,10,1,152
443,,1,2,3/13/2025,3/13/2025,3/16/2025,229100,98120,155980,15000,10000,254100,6,1,148
444,,1,2,3/14/2025,3/14/2025,3/17/2025,236360,221430,39930,15000,10000,261360,54,1,16
445,,1,2,3/14/2025,3/14/2025,3/17/2025,236140,215930,45210,15000,10000,261140,61,1,38
446,,1,2,3/14/2025,3/14/2025,3/17/2025,265180,37400,252780,15000,10000,290180,36,1,125
447,,1,2,3/14/2025,3/14/2025,3/17/2025,258140,0,283140,15000,10000,283140,10,1,29
448,,1,2,3/14/2025,3/14/2025,3/17/2025,309290,211200,123090,15000,10000,334290,27,1,37
449,,1,2,3/14/2025,3/14/2025,3/17/2025,208860,0,233860,15000,10000,233860,29,1,160
450,,1,2,3/15/2025,3/15/2025,3/18/2025,223600,14080,234520,15000,10000,248600,36,1,161
451,,1,2,3/15/2025,3/15/2025,3/18/2025,234600,43560,216040,15000,10000,259600,66,1,82
452,,1,2,3/15/2025,3/15/2025,3/18/2025,279370,96250,208120,15000,10000,304370,10,1,10
453,,1,2,3/16/2025,3/16/2025,3/19/2025,236800,180620,81180,15000,10000,261800,47,1,1
454,,1,2,3/16/2025,3/16/2025,3/19/2025,220080,214610,30470,15000,10000,245080,51,1,123
455,,1,2,3/17/2025,3/17/2025,3/20/2025,236690,203720,57970,15000,10000,261690,35,1,46
456,,1,2,3/17/2025,3/17/2025,3/20/2025,259020,22220,261800,15000,10000,284020,10,1,57
457,,1,2,3/17/2025,3/17/2025,3/20/2025,240320,95040,170280,15000,10000,265320,29,1,88
458,,1,2,3/17/2025,3/17/2025,3/20/2025,234600,22660,236940,15000,10000,259600,15,1,64
459,,1,2,3/17/2025,3/17/2025,3/20/2025,249230,124410,149820,15000,10000,274230,7,1,22
460,,1,2,3/17/2025,3/17/2025,3/20/2025,232620,238370,19250,15000,10000,257620,55,1,63
461,,1,2,3/18/2025,3/18/2025,3/20/2025,269800,83600,211200,15000,10000,294800,10,1,156
462,,1,2,3/18/2025,3/18/2025,3/21/2025,202260,185350,41910,15000,10000,227260,39,1,155
463,,1,2,3/18/2025,3/18/2025,3/21/2025,217550,81180,161370,15000,10000,242550,45,1,32
464,,1,2,3/18/2025,3/18/2025,3/21/2025,186750,112420,99330,15000,10000,211750,8,1,13
465,,1,2,3/19/2025,3/19/2025,3/22/2025,183670,155210,53460,15000,10000,208670,47,1,102
466,,1,2,3/19/2025,3/19/2025,3/22/2025,258470,242330,41140,15000,10000,283470,37,1,134
467,,1,2,3/19/2025,3/19/2025,3/22/2025,211280,99220,137060,15000,10000,236280,5,1,129
468,,1,2,3/19/2025,3/19/2025,3/22/2025,234380,12760,246620,15000,10000,259380,10,1,108
469,,1,2,3/19/2025,3/19/2025,3/22/2025,235920,106920,154000,15000,10000,260920,9,1,121
470,,1,2,3/19/2025,3/19/2025,3/22/2025,263200,0,288200,15000,10000,288200,36,1,23
471,,1,2,3/19/2025,3/19/2025,3/22/2025,270900,140910,154990,15000,10000,295900,7,1,60
472,,1,2,3/19/2025,3/19/2025,3/22/2025,266500,13640,277860,15000,10000,291500,23,1,3
473,,1,2,3/20/2025,3/20/2025,3/23/2025,212050,68310,168740,15000,10000,237050,36,1,145
474,,1,2,3/20/2025,3/20/2025,3/23/2025,240540,115280,150260,15000,10000,265540,23,1,51
475,,1,2,3/20/2025,3/20/2025,3/23/2025,219420,15400,229020,15000,10000,244420,10,1,77
476,,1,2,3/20/2025,3/20/2025,3/23/2025,229540,74800,179740,15000,10000,254540,1,1,71
477,,1,2,3/21/2025,3/21/2025,3/24/2025,279040,47960,256080,15000,10000,304040,10,1,36
478,,1,2,3/21/2025,3/21/2025,3/24/2025,236580,37400,224180,15000,10000,261580,36,1,98
479,,1,2,3/21/2025,3/21/2025,3/24/2025,232620,89980,167640,15000,10000,257620,29,1,47
480,,1,2,3/21/2025,3/21/2025,3/24/2025,241750,210870,55880,15000,10000,266750,67,1,118
481,,1,2,3/21/2025,3/21/2025,3/24/2025,224920,131560,118360,15000,10000,249920,39,1,147
482,,1,2,3/21/2025,3/21/2025,3/24/2025,185980,120820,90160,15000,10000,210980,5,1,86
483,,1,2,3/21/2025,3/21/2025,3/24/2025,216780,173800,67980,15000,10000,241780,53,1,81
484,,1,2,3/22/2025,3/22/2025,3/25/2025,277060,53240,248820,15000,10000,302060,10,1,162
485,,1,2,3/22/2025,3/22/2025,3/25/2025,225800,32560,218240,15000,10000,250800,36,1,59
486,,1,2,3/22/2025,3/22/2025,3/25/2025,272880,164120,133760,15000,10000,297880,5,1,5
487,,1,2,3/22/2025,3/22/2025,3/25/2025,230640,100100,155540,15000,10000,255640,15,1,90
488,,1,2,3/22/2025,3/22/2025,3/25/2025,258580,283580,0,15000,10000,283580,23,1,125
489,,1,2,3/23/2025,3/23/2025,3/26/2025,243840,12540,256300,15000,10000,268840,29,1,43
490,,1,2,3/23/2025,3/23/2025,3/26/2025,259240,59400,224840,15000,10000,284240,36,1,119
491,,1,2,3/23/2025,3/23/2025,3/26/2025,243180,29260,238920,15000,10000,268180,10,1,95
492,,1,2,3/23/2025,3/23/2025,3/26/2025,444590,158620,310970,15000,10000,469590,39,1,163
493,,1,2,3/24/2025,3/24/2025,3/27/2025,246040,0,271040,15000,10000,271040,36,1,16
494,,1,2,3/24/2025,3/24/2025,3/27/2025,89620,0,114620,15000,10000,114620,10,1,45
495,,1,2,3/24/2025,3/24/2025,3/27/2025,221840,48400,198440,15000,10000,246840,35,1,38
496,,1,2,3/24/2025,3/24/2025,3/27/2025,234820,201300,58520,15000,10000,259820,23,1,37
497,,1,2,3/24/2025,3/24/2025,3/27/2025,215350,38940,201410,15000,10000,240350,68,1,164
498,,1,2,3/24/2025,3/24/2025,3/27/2025,202590,206910,20680,15000,10000,227590,47,1,165
499,,1,2,3/25/2025,3/25/2025,3/28/2025,257590,146300,136290,15000,10000,282590,37,1,82
500,,1,2,3/26/2025,3/26/2025,3/29/2025,219750,204050,40700,15000,10000,244750,55,1,34
501,,1,2,3/26/2025,3/26/2025,4/29/2025,241090,135410,130680,15000,10000,266090,5,1,10
502,,1,2,3/29/2025,3/29/2025,4/1/2025,193570,143990,74580,15000,10000,218570,5,1,51
503,,1,2,3/30/2025,3/30/2025,4/2/2025,149900,130680,44220,15000,10000,174900,17,1,129
504,,1,2,3/30/2025,3/30/2025,4/2/2025,206880,143330,88550,15000,10000,231880,5,1,46
505,,1,2,3/31/2025,3/31/2025,4/3/2025,247910,149380,123530,15000,10000,272910,47,1,22
506,,1,2,3/31/2025,3/31/2025,4/3/2025,303790,86240,242550,15000,10000,328790,51,1,166
507,,1,2,4/2/2025,4/2/2025,4/5/2025,236360,21560,239800,15000,10000,261360,10,1,57
508,,1,2,4/2/2025,4/2/2025,4/5/2025,114480,54560,84920,15000,10000,139480,36,1,15
509,,1,2,4/2/2025,4/2/2025,4/5/2025,360440,0,385440,15000,10000,385440,15,1,136
510,,1,2,4/2/2025,4/2/2025,4/5/2025,186640,190740,20900,15000,10000,211640,9,1,86
511,,1,2,4/2/2025,4/2/2025,4/5/2025,255060,0,280060,15000,10000,280060,1,1,77
512,,1,2,4/2/2025,4/2/2025,4/5/2025,86100,104060,7040,15000,10000,111100,23,1,151
513,,1,2,4/2/2025,4/2/2025,4/5/2025,314460,121770,217690,15000,10000,339460,37,1,98
514,,1,2,4/3/2025,4/3/2025,4/6/2025,292460,48400,269060,15000,10000,317460,10,1,119
515,,1,2,4/3/2025,4/3/2025,4/6/2025,208200,34320,198880,15000,10000,233200,35,1,134
516,,1,2,4/3/2025,4/3/2025,4/6/2025,230640,22660,232980,15000,10000,255640,35,1,155
517,,1,2,4/4/2025,4/4/2025,4/7/2025,153200,67540,110660,15000,10000,178200,10,1,77
518,,1,2,4/4/2025,4/4/2025,4/7/2025,250990,99550,176440,15000,10000,275990,54,1,102
519,,1,2,4/4/2025,4/4/2025,4/7/2025,338550,123310,240240,15000,10000,363550,11,1,82
520,,1,2,4/4/2025,4/4/2025,4/7/2025,191920,34210,182710,15000,10000,216920,36,1,142
521,,1,2,4/4/2025,4/4/2025,4/7/2025,162770,53240,134530,15000,10000,187770,10,1,125
522,,1,2,4/5/2025,4/5/2025,4/8/2025,272550,90530,207020,15000,10000,297550,5,1,36
523,,1,2,4/5/2025,4/5/2025,4/8/2025,183890,56980,151910,15000,10000,208890,1,1,23
524,,1,2,4/5/2025,4/5/2025,4/8/2025,293890,65450,253440,15000,10000,318890,8,1,108
525,,1,2,4/6/2025,4/6/2025,4/9/2025,156830,0,181830,15000,10000,181830,36,1,3
526,,1,2,4/6/2025,4/6/2025,4/9/2025,203360,94930,133430,15000,10000,228360,9,1,79
527,,1,2,4/6/2025,4/6/2025,4/9/2025,214360,133320,106040,15000,10000,239360,11,1,59
528,,1,2,4/6/2025,4/6/2025,4/9/2025,215680,108020,132660,15000,10000,240680,47,1,47
529,,1,2,4/7/2025,4/7/2025,4/10/2025,303460,73700,254760,15000,10000,328460,11,1,118
530,,1,2,4/7/2025,4/7/2025,4/10/2025,208640,27060,206580,15000,10000,233640,36,1,5
531,,1,2,4/7/2025,4/7/2025,4/10/2025,282560,74910,232650,15000,10000,307560,31,1,10
532,,1,2,4/8/2025,4/8/2025,4/11/2025,185870,106810,104060,15000,10000,210870,51,1,38
533,,1,2,4/8/2025,4/8/2025,4/11/2025,344160,179960,189200,15000,10000,369160,6,1,16
534,,1,2,4/9/2025,4/9/2025,4/12/2025,140550,44880,120670,15000,10000,165550,36,1,123
535,,1,2,4/9/2025,4/9/2025,4/12/2025,216340,21230,220110,15000,10000,241340,7,1,42
536,,1,2,4/9/2025,4/9/2025,4/12/2025,223050,128370,119680,15000,10000,248050,17,1,149
537,,1,2,4/9/2025,4/9/2025,4/12/2025,189060,45980,168080,15000,10000,214060,23,1,90
538,,1,2,4/10/2025,4/10/2025,4/13/2025,190710,106370,109340,15000,10000,215710,23,1,46
539,,1,2,4/11/2025,4/11/2025,4/14/2025,300710,183590,142120,15000,10000,325710,5,1,145
540,,1,2,4/11/2025,4/11/2025,4/14/2025,107110,91850,40260,15000,10000,132110,51,1,167
541,,1,2,4/12/2025,4/12/2025,4/15/2025,270900,57640,238260,15000,10000,295900,9,1,43
542,,1,2,4/12/2025,4/12/2025,4/15/2025,192360,51700,165660,15000,10000,217360,36,1,152
543,,1,2,4/12/2025,4/12/2025,4/15/2025,130540,42790,112750,15000,10000,155540,47,1,129
544,,1,2,4/13/2025,4/13/2025,4/16/2025,278820,101200,202620,15000,10000,303820,31,1,86
545,,1,2,4/13/2025,4/13/2025,4/16/2025,230420,29700,225720,15000,10000,255420,23,1,7
546,,1,2,4/14/2025,4/14/2025,4/17/2025,169150,35200,158950,15000,10000,194150,36,1,57
547,,1,2,4/14/2025,4/14/2025,4/17/2025,175090,108790,91300,15000,10000,200090,31,1,136
548,,1,2,4/15/2025,4/15/2025,4/18/2025,158150,61270,121880,15000,10000,183150,11,1,81
549,,1,2,4/16/2025,4/16/2025,4/19/2025,196540,88880,132660,15000,10000,221540,36,1,64